1852.7497467260314,0.12507804824905233,0.12507804824905233,641.2680934768314,0.17006429334502907,0.17006429334502907,162.14417436802142,0.08949342069971533,0.08949342069971533,1176.9037141166195,0.06147666169765094,0.06147666169765094,1657.1706483381106,0.19866667606256153,0.19866667606256153,1356.518509047332,0.1435328275248267,0.1435328275248267,1911.5156849337232,0.08328768014283815,0.08328768014283815,66.07117768621573,0.16870849667951146,0.16870849667951146,76.64405800947671,0.1212291336583103,0.1212291336583103,1295.2525580541721,0.146613541870364,0.146613541870364,1687.5392620481257,0.17706643780105585,0.17706643780105585,346.7720224440074,0.017988583011321693,0.017988583011321693,758.0102906083499,0.1759819242544924,0.1759819242544924,569.2344013679183,0.1337595180526178,0.1337595180526178,1032.1649572499873,0.12120732260023062,0.12120732260023062
1458.882442537307,0.06457036364511963,0.06457036364511963,1036.177143183099,0.11827946063555983,0.11827946063555983,352.975426353936,0.0632796877043618,0.0632796877043618,1001.0672740120734,0.059902585031468975,0.059902585031468975,1688.773275125351,0.1325552779358343,0.1325552779358343,1218.0881864143034,0.12754473241333228,0.12754473241333228,1887.7663354498254,0.1252608344301214,0.1252608344301214,716.8795629580152,0.15882915483263163,0.15882915483263163,288.7980362244309,0.044541234151210946,0.044541234151210946,1024.518584583666,0.11621701601983514,0.11621701601983514,692.7608830368979,0.019873425353054544,0.019873425353054544,535.8131692826844,0.16724310310839377,0.16724310310839377,1060.847593739006,0.04576892615097457,0.04576892615097457,1638.654839910293,0.19751497076996238,0.19751497076996238,1914.0404548161741,0.1281851747784631,0.1281851747784631
352.9236601942753,0.024752455595434954,0.024752455595434954,828.8086111408472,0.18319167718168056,0.18319167718168056,572.013690075164,0.012613839431765883,0.012613839431765883,763.1488888522729,0.07643641820292604,0.07643641820292604,757.4730865560182,0.0473173484884023,0.0473173484884023,917.7528091055726,0.009428311820946833,0.009428311820946833,1929.8015647507948,0.16581533493754283,0.16581533493754283,853.8278774475203,0.011942457411343345,0.011942457411343345,998.3015995040867,0.17677568084871875,0.17677568084871875,1414.7906390055718,0.0608918561599118,0.0608918561599118,1028.7103526296266,0.12592983784572218,0.12592983784572218,1901.0316462370981,0.14915321317267038,0.14915321317267038,823.1200618385249,0.08455513402307904,0.08455513402307904,1853.7569819393937,0.08401893926099874,0.08401893926099874,293.17717440314664,0.1863344974317307,0.1863344974317307
1602.0790365436494,0.04168710977984141,0.04168710977984141,390.5506712724278,0.1031348123659798,0.1031348123659798,842.0494831936415,0.11212531746996864,0.11212531746996864,211.37371038719644,0.03432767273603304,0.03432767273603304,535.1633344351923,0.056808612033819816,0.056808612033819816,755.2391266422788,0.12129924932406505,0.12129924932406505,921.9984171859184,0.11934475898487143,0.11934475898487143,635.9088002046877,0.1670912640100163,0.1670912640100163,1786.2301181105868,0.0750427318850824,0.0750427318850824,774.4516240774454,0.14543744521185623,0.14543744521185623,1320.3758094015177,0.18579684006607042,0.18579684006607042,21.76334954305692,0.15258506008548836,0.15258506008548836,1918.5558501172218,0.10995430670578071,0.10995430670578071,855.4106309715845,0.1567144019645676,0.1567144019645676,404.01027470780804,0.030547074188397128,0.030547074188397128
111.39653077611156,0.08398291748620318,0.08398291748620318,1891.9502896783881,0.0501075867146602,0.0501075867146602,1432.1451602667314,0.01534261942183881,0.01534261942183881,1383.6732545625248,0.015721229522341208,0.015721229522341208,855.8847274661441,0.03553916307267189,0.03553916307267189,1135.9389856141504,0.07737698376608733,0.07737698376608733,1673.675511600129,0.1311769184258119,0.1311769184258119,344.86128936825764,0.0047991592016837226,0.0047991592016837226,590.9408373094465,0.13442779955048925,0.13442779955048925,1352.991656493094,0.11876727745780975,0.11876727745780975,1303.0154758285234,0.007746008000089533,0.007746008000089533,1807.266758607045,0.16030502697427956,0.16030502697427956,1108.9166406025913,0.17878073668595018,0.17878073668595018,1325.5978115940607,0.00629017126316076,0.00629017126316076,1159.7014945625326,0.047369519938936525,0.047369519938936525
709.1949082241084,0.009761645269209085,0.009761645269209085,2.0501138731037205,0.07994134664800821,0.07994134664800821,1470.8173823514367,0.03557198932821588,0.03557198932821588,1541.7080193514819,0.09599667843116946,0.09599667843116946,957.6806853944211,0.10820585002150392,0.10820585002150392,1464.7208604743828,0.1521077634522544,0.1521077634522544,239.85718735467975,0.10523920770990985,0.10523920770990985,767.2785924298869,0.1628135047924245,0.1628135047924245,375.5582729002131,0.03158552541132793,0.03158552541132793,221.64374988325974,0.0990111393293367,0.0990111393293367,1291.841919360209,0.1301123766779449,0.1301123766779449,324.101541940492,0.08705793287461148,0.08705793287461148,1103.2729269280617,0.1777797518217536,0.1777797518217536,1143.5060733907344,0.1462320653466866,0.1462320653466866,848.4656692422881,0.09918014739894282,0.09918014739894282
693.1795539603787,0.13575181136104927,0.13575181136104927,233.9054450735476,0.17626987257201088,0.17626987257201088,1525.1799913323084,0.17071578007376678,0.17071578007376678,286.7442029208063,0.022292155896398394,0.022292155896398394,1082.40134176253,0.15944677727275647,0.15944677727275647,438.8318546755885,0.04889156418702123,0.04889156418702123,692.2747450957971,0.0962128866781059,0.0962128866781059,366.3673577371265,0.08755673123055721,0.08755673123055721,1559.3961873704266,0.04858721295907036,0.04858721295907036,1255.5880787462809,0.03631215690647449,0.03631215690647449,250.52396022683988,0.17246760659387056,0.17246760659387056,1488.2500762763311,0.04214496920306572,0.04214496920306572,343.6181408700396,0.001393847148250349,0.001393847148250349,252.40559896481085,0.05437533921255527,0.05437533921255527,794.4258588096556,0.1858129257137019,0.1858129257137019
537.6063268309792,0.015810112384604124,0.015810112384604124,1949.2764768461657,0.15717311905095474,0.15717311905095474,1491.2111566125159,0.1438629465083978,0.1438629465083978,1190.2504713904893,0.04887886254532803,0.04887886254532803,1012.0930256385527,0.009204349470112217,0.009204349470112217,266.5029238961993,0.08570045870462822,0.08570045870462822,1135.7267772759628,0.021875407977038932,0.021875407977038932,1993.7150309523288,0.11026440217153025,0.11026440217153025,1388.0751000070811,0.07775010226510007,0.07775010226510007,1813.4942674178394,0.09413467994524526,0.09413467994524526,1929.4210644256143,0.023186737918643653,0.023186737918643653,1642.2707297191032,0.11473486173812047,0.11473486173812047,697.0105256774988,0.09966678320948824,0.09966678320948824,502.4674670074529,0.07987641457505748,0.07987641457505748,1096.0624510926211,0.10886869463694544,0.10886869463694544
51.307515839877915,0.19734487443375626,0.19734487443375626,1681.145805674438,0.11868843447657951,0.11868843447657951,1893.082348452268,0.009182509965779961,0.009182509965779961,960.6289149819413,0.0016766131887640423,0.0016766131887640423,200.36407376668075,0.02648924877866812,0.02648924877866812,1114.4156763260885,0.08617532175902248,0.08617532175902248,59.1797567993082,0.08080349557227934,0.08080349557227934,558.0160312296057,0.16901656335350887,0.16901656335350887,1458.461210418773,0.0985584933777831,0.0985584933777831,1830.5562767113415,0.12827055607210885,0.12827055607210885,882.2208690370899,0.007801825907810179,0.007801825907810179,743.6058381399629,0.1414879469335741,0.1414879469335741,992.716779191557,0.0309723506582531,0.0309723506582531,435.88183128785585,0.03444427512499484,0.03444427512499484,1175.6354108099774,0.05548298487802588,0.05548298487802588
1572.0028519271991,0.19240434037884838,0.19240434037884838,60.2688263304374,0.005993229916815435,0.005993229916815435,39.05941644055066,0.03125452331712362,0.03125452331712362,1379.9159711803086,0.02333223647766305,0.02333223647766305,843.3171243656785,0.16259834737996334,0.16259834737996334,1238.7322744183427,0.08993766069147036,0.08993766069147036,1152.022666528323,0.19484399285398626,0.19484399285398626,1493.6572751619758,0.18762743670774054,0.18762743670774054,1709.2465755578191,0.007550546572931216,0.007550546572931216,330.25654416539885,0.1437882073296707,0.1437882073296707,1450.9142654491968,0.0630322078246891,0.0630322078246891,498.6731956643613,0.06809727514577842,0.06809727514577842,819.7640160707791,0.033815122487144356,0.033815122487144356,1465.8672974929198,0.0025623095023628254,0.0025623095023628254,392.1453961884602,0.0972159491076071,0.0972159491076071
1073.938539364278,0.14530821807247032,0.14530821807247032,1602.640795647801,0.13478707569624776,0.13478707569624776,1599.1387136311105,0.17367629826051373,0.17367629826051373,1846.6169523982628,0.07005517232610091,0.07005517232610091,694.2924263284835,0.10680379700538266,0.10680379700538266,1399.501818721421,0.19351070527635544,0.19351070527635544,625.4342136820363,0.03822039632547345,0.03822039632547345,63.98648236392823,0.040289776455860675,0.040289776455860675,1140.4843539951967,0.08123555748240961,0.08123555748240961,555.8048471587675,0.06120749520902145,0.06120749520902145,1224.802844466575,0.044834355209288024,0.044834355209288024,660.0197271484385,0.08246049409092103,0.08246049409092103,141.09106593292853,0.033503383707597645,0.033503383707597645,692.647243615704,0.08629395231963366,0.08629395231963366,1726.4214914875467,0.1704851775234537,0.1704851775234537
725.2304174699209,0.12436662853468859,0.12436662853468859,1252.236113398313,0.15862716723506198,0.15862716723506198,44.49511988660548,0.13164009688782904,0.13164009688782904,801.9096565546065,0.18764386816461387,0.18764386816461387,367.07709094952776,0.12706423945939402,0.12706423945939402,1895.9045994963901,0.012935635814936909,0.012935635814936909,392.63903629985816,0.05354745830754751,0.05354745830754751,155.361001648469,0.04791915611688931,0.04791915611688931,1563.9094063283162,0.058968983470598625,0.058968983470598625,1488.5029193390963,0.13747046002662122,0.13747046002662122,1880.8324870155577,0.1212998265858273,0.1212998265858273,1998.2422330259333,0.04162045916242412,0.04162045916242412,957.1578410510158,0.028134787882731452,0.028134787882731452,510.34180223089874,0.09299845555267242,0.09299845555267242,1962.4086171322724,0.0478962068803781,0.0478962068803781
516.0024231203015,0.15591820697973202,0.15591820697973202,1691.4769080141446,0.03769951589571781,0.03769951589571781,1340.4651878497016,0.18795835991797089,0.18795835991797089,1810.3273635076719,0.141908403722781,0.141908403722781,1803.5642359456958,0.18701577191839702,0.18701577191839702,828.9867087848129,0.07150138332327789,0.07150138332327789,1627.0836589909331,0.08951078112687663,0.08951078112687663,377.2377328171401,0.1040194576063511,0.1040194576063511,1780.389239846779,0.17768487304044994,0.17768487304044994,581.9505726244533,0.16234854023165476,0.16234854023165476,826.989325323507,0.14215990137188667,0.14215990137188667,1816.2697885578395,0.1752297935329552,0.1752297935329552,25.50272177161905,0.08141891387501446,0.08141891387501446,1424.0314517577342,0.17873803137675298,0.17873803137675298,38.32980420239052,0.155867788730177,0.155867788730177
1117.597484546594,0.07358710925973296,0.07358710925973296,744.2570290451607,0.09715783231681828,0.09715783231681828,259.34319478509684,0.18160103471498626,0.18160103471498626,151.11569344559283,0.1426468587604077,0.1426468587604077,1612.2118517701012,0.10272519733365662,0.10272519733365662,929.0362345892049,0.027080219857027223,0.027080219857027223,666.449421825735,0.009527007411440259,0.009527007411440259,170.6407059491979,0.0628488261747434,0.0628488261747434,776.5930442293172,0.12827709758006586,0.12827709758006586,834.7526425900451,0.02123705021496052,0.02123705021496052,1561.0124563765335,0.06021094048125895,0.06021094048125895,586.6474948286556,0.18065745038385964,0.18065745038385964,1284.6413507708091,0.14208875943278895,0.14208875943278895,750.2333862053465,0.1833206928332789,0.1833206928332789,1248.9423674240304,0.03320135609783819,0.03320135609783819
396.1012420462855,0.09464013362892781,0.09464013362892781,991.6445499171105,0.13944506161471382,0.13944506161471382,1585.5346586782266,0.031777169396082376,0.031777169396082376,1888.449176674807,0.0698397171282501,0.0698397171282501,1775.4240490405932,0.11632370417802035,0.11632370417802035,1920.094378828234,0.12161647964552012,0.12161647964552012,1182.600036381922,0.14466387100920605,0.14466387100920605,248.71111165788218,0.1620776167477683,0.1620776167477683,1323.4373123409334,0.09668178866830864,0.09668178866830864,374.6172925784974,0.11856618613727708,0.11856618613727708,1266.0914619062748,0.1498659230921587,0.1498659230921587,737.3090880034134,0.19505495104778794,0.19505495104778794,638.4796238543513,0.0631910058715427,0.0631910058715427,1764.4709731671555,0.15861191448185277,0.15861191448185277,1616.8368964225367,0.06951362987597268,0.06951362987597268
921.2748828619215,0.19751049485758487,0.19751049485758487,1550.114855870245,0.13402922389523148,0.13402922389523148,1797.9395271769354,0.06551304791236211,0.06551304791236211,1777.2349006866393,0.0623421568664158,0.0623421568664158,327.1845288924842,0.045237956037872284,0.045237956037872284,792.9329070982145,0.12454805940742622,0.12454805940742622,1955.3116200951142,0.15401516460374082,0.15401516460374082,217.1421232816735,0.114863100501501,0.114863100501501,1098.2089614206566,0.1732252815293081,0.1732252815293081,1814.4637652348094,0.13206646520016002,0.13206646520016002,1194.8158501458756,0.04017800520088417,0.04017800520088417,82.57169946114185,0.04472631410455097,0.04472631410455097,913.444228392895,0.08478016686128456,0.08478016686128456,1161.2586770479525,0.16411494202190863,0.16411494202190863,1895.4675691638224,0.13314564844822602,0.13314564844822602
956.4739218139737,0.0606369071900941,0.0606369071900941,1919.2428467508557,0.18983919130321814,0.18983919130321814,822.3077821715536,0.1820057033896583,0.1820057033896583,1173.8867544058073,0.13539246158243928,0.13539246158243928,1142.3446023094605,0.16452552051325106,0.16452552051325106,991.4556617797227,0.10564472326291188,0.10564472326291188,1566.7764985935676,0.11685921287881995,0.11685921287881995,349.9473247657505,0.06443478095085431,0.06443478095085431,685.3472501991715,0.035010214746351756,0.035010214746351756,314.79764342341696,0.14237966604579397,0.14237966604579397,777.5478631017892,0.10066782660578961,0.10066782660578961,953.7863948197573,0.04323342022018646,0.04323342022018646,1531.7260324173083,0.1813555715231321,0.1813555715231321,1980.0929144564143,0.08378416368859372,0.08378416368859372,586.9540737121306,0.08791057810622788,0.08791057810622788
1100.1161056477893,0.1885180815665135,0.1885180815665135,1751.683271655536,0.10859799448431402,0.10859799448431402,1627.7198387904239,0.19598522933521006,0.19598522933521006,1453.1214633864843,0.09988193743566803,0.09988193743566803,1107.8012335710307,0.10394447581410293,0.10394447581410293,1565.5262793092493,0.015092863557259384,0.015092863557259384,266.1521553236721,0.0461818018908956,0.0461818018908956,688.4622512532517,0.18245859218686086,0.18245859218686086,1943.075453941967,0.11911227616217823,0.11911227616217823,1770.191642415346,0.051850762942878804,0.051850762942878804,389.44913064885964,0.16702749118121532,0.16702749118121532,1513.4229336418452,0.06984619479262698,0.06984619479262698,1397.4017664101966,0.013518424033509759,0.013518424033509759,1587.8028046405393,0.09752983496592436,0.09752983496592436,158.7243434688288,0.1224579779749817,0.1224579779749817
1180.6964487344865,0.16042771931181418,0.16042771931181418,272.4230208776779,0.12416842721050254,0.12416842721050254,1571.8333937548332,0.14674884010990538,0.14674884010990538,787.3029464579322,0.05734801078889325,0.05734801078889325,1929.1327263880848,0.10325514038807022,0.10325514038807022,101.33686314120594,0.03032051843555188,0.03032051843555188,1948.6646749731135,0.04771332674616851,0.04771332674616851,1486.4356448538656,0.1632398969006729,0.1632398969006729,1362.077967187851,0.008652298692984539,0.008652298692984539,1804.9285570097702,0.09485128084783152,0.09485128084783152,151.78897972929062,0.18244707552554548,0.18244707552554548,171.56336948190943,0.11639731969864633,0.11639731969864633,120.02412386375116,0.03799412066617554,0.03799412066617554,1447.3434378655775,0.044352018237459934,0.044352018237459934,893.5853227884654,0.04624595724319902,0.04624595724319902
708.1804759293384,0.13923055289003664,0.13923055289003664,946.7208466099229,0.045628686859805104,0.045628686859805104,649.9617481635254,0.000487225249549339,0.000487225249549339,1290.5304589399348,0.0561228413935867,0.0561228413935867,215.61566418474376,0.15014516628666405,0.15014516628666405,180.97230474344573,0.0422037346108558,0.0422037346108558,1743.4827345693643,0.013716026698379458,0.013716026698379458,34.73229657193188,0.0971456317246316,0.0971456317246316,454.54783878244933,0.14278169143608274,0.14278169143608274,493.71245280711776,0.09584863836426401,0.09584863836426401,1505.8695713231466,0.09036463689722206,0.09036463689722206,1753.4037735906772,0.052225777176564625,0.052225777176564625,312.5037120217711,0.14939946084108993,0.14939946084108993,177.7771589292081,0.10687405265774595,0.10687405265774595,1038.873105083252,0.13467714638279732,0.13467714638279732
896.2712755152336,0.18878819259298144,0.18878819259298144,1272.2075504399784,0.08475366562573394,0.08475366562573394,1778.1658208167903,0.10767553030200361,0.10767553030200361,1320.9457290441107,0.12911701779712756,0.12911701779712756,303.40609847009216,0.0003842563290085588,0.0003842563290085588,1921.5125584884672,0.1892412010761579,0.1892412010761579,94.9287019089422,0.19311120046342817,0.19311120046342817,1324.1910907271154,0.11095589502824942,0.11095589502824942,1832.0303779031035,0.11160120196703993,0.11160120196703993,304.6741596854672,0.052467252131566756,0.052467252131566756,1372.8119846265906,0.10181016383989874,0.10181016383989874,1823.410657637163,0.10234765097851939,0.10234765097851939,60.59469801740036,0.19742193319791174,0.19742193319791174,226.58522908610303,0.1811000461336196,0.1811000461336196,1311.1673442532763,0.1869962505608553,0.1869962505608553
287.2373277291249,0.0745562992468674,0.0745562992468674,1677.0296045392142,0.13266484185330005,0.13266484185330005,97.2697111168861,0.1295562671922283,0.1295562671922283,1482.15898489808,0.025298964988590345,0.025298964988590345,216.59675279792756,0.10559506179299448,0.10559506179299448,14.5849630595416,0.1898163387304663,0.1898163387304663,103.46529591131582,0.019420448798603718,0.019420448798603718,1740.8156637312159,0.09601708045034929,0.09601708045034929,1133.80606766523,0.0037557968038848923,0.0037557968038848923,1206.5502512651144,0.0951188729747857,0.0951188729747857,389.80603508336856,0.05218522885114394,0.05218522885114394,1901.23263205943,0.0702094231465247,0.0702094231465247,1267.1656475182579,0.12874384242512169,0.12874384242512169,1590.578756324917,0.13399346612616075,0.13399346612616075,1981.7288132183526,0.16103681924669755,0.16103681924669755
128.6142183162837,0.13561415034322896,0.13561415034322896,1399.3571226727227,0.054488561537030744,0.054488561537030744,985.9264034101591,0.00115795825387639,0.00115795825387639,388.50321474026805,0.035206613007273194,0.035206613007273194,810.8053150691132,0.00021514536246440842,0.00021514536246440842,1638.0872202345283,0.14216844628323955,0.14216844628323955,92.51410348736621,0.10715452029448964,0.10715452029448964,1282.8665348408854,0.12351880432045437,0.12351880432045437,824.9630433957009,0.13192936601085148,0.13192936601085148,1285.012636012348,0.16378297355413424,0.16378297355413424,976.2479628262583,0.15074298153435617,0.15074298153435617,793.048994010662,0.08466693669869643,0.08466693669869643,1329.270667287236,0.01670988567409797,0.01670988567409797,232.14751425546365,0.0687064213780948,0.0687064213780948,1950.583334107428,0.1887787104161857,0.1887787104161857
232.51809508038846,0.1038247574985088,0.1038247574985088,1690.8940138115684,0.18940807144821492,0.18940807144821492,891.8025046257478,0.08813053529032866,0.08813053529032866,622.3347593275546,0.11690415063282243,0.11690415063282243,273.5986194969253,0.1690781953077791,0.1690781953077791,1305.2713079635414,0.02848361350973947,0.02848361350973947,1489.318707614446,0.15420361068779642,0.15420361068779642,1355.1727646767974,0.04831488128082986,0.04831488128082986,1367.8909571614888,0.12658665733997615,0.12658665733997615,1644.1016777258221,0.06347033366860343,0.06347033366860343,252.36217051315646,0.13848231851875376,0.13848231851875376,608.7369405089864,0.08257197246944768,0.08257197246944768,718.7377315626348,0.14211183723058546,0.14211183723058546,1184.5004553895983,0.04577806233278983,0.04577806233278983,49.499966323856,0.08129299882205446,0.08129299882205446
1371.9839369967572,0.13556787703108614,0.13556787703108614,1376.8175047439677,0.05530939042439727,0.05530939042439727,1938.9907054506382,0.12255287955169258,0.12255287955169258,716.918528815256,0.1554809619813901,0.1554809619813901,1144.152409078594,0.12722476320549833,0.12722476320549833,1804.7494931318895,0.19883283520039646,0.19883283520039646,90.57174995497076,0.10231747691074254,0.10231747691074254,810.2350338240183,0.09922584708929072,0.09922584708929072,899.5923827892614,0.1453363168492675,0.1453363168492675,946.1678034045591,0.17814001645374228,0.17814001645374228,58.55568151998347,0.1884922672038402,0.1884922672038402,441.44963365578695,0.18521947253196075,0.18521947253196075,1613.4062669847237,0.19248327522669428,0.19248327522669428,1762.1930789645346,0.19384413316578633,0.19384413316578633,370.2137233325176,0.02951129423640946,0.02951129423640946
1524.7279075632077,0.022772092934634936,0.022772092934634936,103.23888612196353,0.09389732871199337,0.09389732871199337,1043.5045259240203,0.17355367846766426,0.17355367846766426,1494.8076715723,0.09065320177716261,0.09065320177716261,1862.07482398179,0.09175814801819152,0.09175814801819152,1334.5569676807754,0.03354492253704773,0.03354492253704773,848.2852368455469,0.04778952009697133,0.04778952009697133,1054.8623283876327,0.18679310211829903,0.18679310211829903,682.8237915005034,0.07055677112513055,0.07055677112513055,1204.3790912007664,0.09774727512602438,0.09774727512602438,213.8822458341012,0.0524745993821216,0.0524745993821216,1288.968828364167,0.18218725660247606,0.18218725660247606,787.8930333471803,0.005773616022301731,0.005773616022301731,1369.368920772232,0.13343140014841467,0.13343140014841467,1287.765948806373,0.055822898599325835,0.055822898599325835
1521.2283245904005,0.04451034554053679,0.04451034554053679,424.68966550883613,0.0809473957926159,0.0809473957926159,1408.385904248296,0.14382340539424798,0.14382340539424798,1335.2909975883833,0.0835153341502296,0.0835153341502296,844.8822313442497,0.10854993009463493,0.10854993009463493,759.0949809063713,0.1388676531027935,0.1388676531027935,1589.107920417472,0.02932257081210008,0.02932257081210008,319.03933391055796,0.12887392885962629,0.12887392885962629,300.30797288978397,0.14146057604633658,0.14146057604633658,797.0539150113316,0.17655114415996045,0.17655114415996045,379.32660520949213,0.0732963685371989,0.0732963685371989,1468.4625412485218,0.05515421892560586,0.05515421892560586,1628.3239257699463,0.08160367512842281,0.08160367512842281,741.461192873738,0.02195677596193837,0.02195677596193837,1003.9130048852405,0.05600128225078567,0.05600128225078567
507.02216242798335,0.13500258249020525,0.13500258249020525,1274.4713086800816,0.17098646650751556,0.17098646650751556,1492.6565117790697,0.03386912617336542,0.03386912617336542,629.3784453376945,0.013964552793102337,0.013964552793102337,665.7873565499361,0.0628233530460224,0.0628233530460224,545.3724130063937,0.16781898282997373,0.16781898282997373,686.0653066553228,0.015508189195380396,0.015508189195380396,727.6644002110097,0.18515012979998846,0.18515012979998846,878.0031064818725,0.10190134573493355,0.10190134573493355,1441.2377819521791,0.011798727833546942,0.011798727833546942,670.2621162879683,0.04568776112793154,0.04568776112793154,13.248712217011738,0.10013788194302027,0.10013788194302027,1521.5599694418725,0.0024679614520449755,0.0024679614520449755,1535.6530911116795,0.15580143267183602,0.15580143267183602,1875.1455771095805,0.0321306865557176,0.0321306865557176
1768.2604767338362,0.07408824330245493,0.07408824330245493,842.7941326383284,0.06357039900356669,0.06357039900356669,331.4746967020441,0.02964894201378765,0.02964894201378765,862.1957686735267,0.043717623173683044,0.043717623173683044,1842.9610398548439,0.18563475271719,0.18563475271719,1823.319328145706,0.05134414255800182,0.05134414255800182,1525.1385627636305,0.038622244439646486,0.038622244439646486,1800.0179644167456,0.06879538624158299,0.06879538624158299,1754.003880968145,0.029336623258854156,0.029336623258854156,50.81102400698656,0.16388873360212722,0.16388873360212722,1580.9291676141231,0.09423293696424327,0.09423293696424327,1251.576823869765,0.04586511063820531,0.04586511063820531,120.49421461136056,0.15963649598540844,0.15963649598540844,1123.6962759291498,0.15749429877888585,0.15749429877888585,690.820267791826,0.1953179849374772,0.1953179849374772
952.9403482509924,0.15344137922011922,0.15344137922011922,419.97052250829813,0.0012760993905829743,0.0012760993905829743,1476.9264828321434,0.10954426594079816,0.10954426594079816,1241.8082241731427,0.08937443845900084,0.08937443845900084,1321.018421356259,0.12836299954723293,0.12836299954723293,1358.6346692918924,0.031064432298785728,0.031064432298785728,107.43772142263475,0.16571318453883296,0.16571318453883296,161.01007270541535,0.03421095313063218,0.03421095313063218,917.171414089011,0.056723502784777224,0.056723502784777224,1559.1208453193315,0.09328438636828913,0.09328438636828913,1441.2650565782926,0.10149897018021313,0.10149897018021313,1803.4424562041834,0.17327594324070517,0.17327594324070517,982.5137880984007,0.19869733533864545,0.19869733533864545,592.3795311566411,0.1867817257297193,0.1867817257297193,1139.869772581528,0.015227708706135724,0.015227708706135724
826.2376763806778,0.04202181501408267,0.04202181501408267,1326.0647655500952,0.09420341564411908,0.09420341564411908,1106.6652692632583,0.03705717175286458,0.03705717175286458,637.5535970816977,0.16967117268920165,0.16967117268920165,1432.917724657939,0.15548288733977245,0.15548288733977245,298.30656040813983,0.11960356161233365,0.11960356161233365,1263.3807182657908,0.07384086523488398,0.07384086523488398,1281.854617891098,0.07777678593524875,0.07777678593524875,1397.8736015536963,0.18279277577758524,0.18279277577758524,962.3210615431692,0.17951391870016478,0.17951391870016478,720.8373408049273,0.12152497916990886,0.12152497916990886,420.4466090780377,0.13037012753289443,0.13037012753289443,527.2124319138192,0.011198721613258656,0.011198721613258656,770.5208694671943,0.051429729976202945,0.051429729976202945,750.9344973676522,0.11768681464161453,0.11768681464161453
1668.024051141609,0.12476870543172387,0.12476870543172387,589.7612962908547,0.12063953508082798,0.12063953508082798,595.9360419067117,0.1560489857722766,0.1560489857722766,1632.2430252645386,0.1594349896751325,0.1594349896751325,1153.9527520781583,0.08128815077268817,0.08128815077268817,350.0972167401095,0.008460797413718524,0.008460797413718524,1269.0093929863135,0.06231319698939877,0.06231319698939877,1972.7536991437123,0.15860672177398746,0.15860672177398746,1616.1213900710193,0.09647397764916835,0.09647397764916835,80.0716574963638,0.12217073386702118,0.12217073386702118,1840.3120065012056,0.007886485427761315,0.007886485427761315,1034.3721291047038,0.0044912202701725915,0.0044912202701725915,849.4389075805202,0.08897441537809425,0.08897441537809425,1299.6595239935243,0.12893862454765573,0.12893862454765573,422.0741242551935,0.09373549074678574,0.09373549074678574
1140.82802448875,0.04297948724737604,0.04297948724737604,308.0621179871828,0.06491937896519206,0.06491937896519206,1470.824093593643,0.06538968706126867,0.06538968706126867,363.8326709727284,0.03744933398048289,0.03744933398048289,1468.0913415925884,0.07724602532546368,0.07724602532546368,1743.951655133197,0.11892793112860987,0.11892793112860987,1740.4218755709505,0.18807460848856977,0.18807460848856977,1978.32945955741,0.01998646188372586,0.01998646188372586,246.42432013424576,0.15545675142302712,0.15545675142302712,884.7698842904457,0.13452440658367393,0.13452440658367393,120.23902598773195,0.023111484817610186,0.023111484817610186,898.6316367740872,0.019582234843550483,0.019582234843550483,1503.0140509940134,0.1234931917985106,0.1234931917985106,1309.9799672734619,0.0426296367173955,0.0426296367173955,1531.981596209024,0.0976835456286384,0.0976835456286384
547.1430466893081,0.068346429646838,0.068346429646838,997.2283171998359,0.08341016977406242,0.08341016977406242,1390.7628839722606,0.012666921426701672,0.012666921426701672,730.5345811084667,0.16179129294780698,0.16179129294780698,1281.5811980968438,0.031417562240259135,0.031417562240259135,359.5006831784535,0.17377734947305823,0.17377734947305823,727.384688399949,0.11138387376164352,0.11138387376164352,377.3611698142583,0.18792869900348408,0.18792869900348408,1175.1859920104473,0.08954880365945282,0.08954880365945282,766.4542795057179,0.12806137447521412,0.12806137447521412,1370.9803964337061,0.11141008981544741,0.11141008981544741,1679.783700022795,0.00046894690268053376,0.00046894690268053376,1549.575179014093,0.17426409981888996,0.17426409981888996,1477.594380057668,0.09139895542201196,0.09139895542201196,1935.2776711002418,0.005354976055683114,0.005354976055683114
390.5968547480077,0.18948392313507215,0.18948392313507215,344.845921554779,0.07029069742062506,0.07029069742062506,740.0601981820871,0.022835906062477897,0.022835906062477897,90.24340799513641,0.017919045184317018,0.017919045184317018,1782.5220104133946,0.14067419382817045,0.14067419382817045,1534.5586165307839,0.06266183484715611,0.06266183484715611,762.6968465363746,0.03184352409263374,0.03184352409263374,415.08480091594714,0.12438779540286145,0.12438779540286145,295.77263366332664,0.03036668810619472,0.03036668810619472,1593.6593401240818,0.010584740525689453,0.010584740525689453,1817.6721082991005,0.07692697027787371,0.07692697027787371,968.1827605769282,0.0018278360464409893,0.0018278360464409893,266.81106467036454,0.0008883016954332357,0.0008883016954332357,776.9745493721829,0.023428104864119684,0.023428104864119684,802.4284626888882,0.013992587473065421,0.013992587473065421
401.00064150719027,0.154440077753217,0.154440077753217,1905.70085343922,0.12877786855801351,0.12877786855801351,241.88913414490366,0.10884089160953192,0.10884089160953192,1168.9000478482753,0.02940380324609484,0.02940380324609484,1107.2767243151545,0.06119834151451538,0.06119834151451538,966.2133171879999,0.06442139557416107,0.06442139557416107,1783.4901165426675,0.05708970383904497,0.05708970383904497,1701.4470809894865,0.07628929513344292,0.07628929513344292,30.75961888756895,0.12060690417843818,0.12060690417843818,115.01882350660809,0.07293468735667519,0.07293468735667519,975.9992637841681,0.1271242027228641,0.1271242027228641,868.3874248754297,0.18124274271502303,0.18124274271502303,813.4200606942319,0.09272620648175896,0.09272620648175896,128.79236269076588,0.020855255113490668,0.020855255113490668,1590.866143035285,0.1117070801640566,0.1117070801640566
1391.9622320187716,0.17247660543597845,0.17247660543597845,357.41182337107546,0.15261241806386,0.15261241806386,195.18928173414517,0.1760329947936048,0.1760329947936048,213.50226173104537,0.004982867385806711,0.004982867385806711,499.8443057818123,0.024753929285403677,0.024753929285403677,922.2055552926454,0.031623271800576204,0.031623271800576204,1850.6043796675033,0.19511716084802633,0.19511716084802633,1485.5284645573927,0.0850973764742254,0.0850973764742254,822.8769042757554,0.02111984545291752,0.02111984545291752,1393.4786801421703,0.11409516103049647,0.11409516103049647,339.71914194652663,0.1867905325799687,0.1867905325799687,81.10219078241676,0.03120453371219263,0.03120453371219263,924.2497202819302,0.15271477898614463,0.15271477898614463,1278.1162851667443,0.15225976315681997,0.15225976315681997,1782.8418631844784,0.009216982022810006,0.009216982022810006
339.4413155455216,0.011056180395320992,0.011056180395320992,1196.370187241378,0.05183654592018801,0.05183654592018801,458.6665602200699,0.05181645615438777,0.05181645615438777,1032.5043573431276,0.15674757338284265,0.15674757338284265,686.0115109762132,0.08566915836765342,0.08566915836765342,542.9985437541029,0.02146009925440966,0.02146009925440966,195.7379292828536,0.049813750686978756,0.049813750686978756,861.905298365747,0.03305230870721143,0.03305230870721143,1229.0990043716818,0.08584002005264935,0.08584002005264935,557.6050638568397,0.009677601400943004,0.009677601400943004,975.9994343915699,0.04204636562927329,0.04204636562927329,1611.8738734091244,0.05320874592382721,0.05320874592382721,1861.2883635174703,0.031680988498013284,0.031680988498013284,180.16921512192187,0.02068473497638248,0.02068473497638248,1692.8691996955909,0.17070178022470728,0.17070178022470728
273.55119600900736,0.18304993176033654,0.18304993176033654,164.30274512075349,0.06856208735831706,0.06856208735831706,1122.771335806509,0.19722898665345093,0.19722898665345093,128.43482120313544,0.1514172290644698,0.1514172290644698,1889.712338131877,0.11032330786526501,0.11032330786526501,732.4899818760359,0.19053102972316893,0.19053102972316893,1859.2218604922944,0.06276670533200933,0.06276670533200933,1971.0608957585987,0.0840103014026466,0.0840103014026466,1060.5505972667568,0.04362562392729419,0.04362562392729419,1502.090463992277,0.001993734875677089,0.001993734875677089,775.4350814735984,0.014219402295658101,0.014219402295658101,1782.064180544695,0.041928837079959404,0.041928837079959404,89.39315576839579,0.17529323075623998,0.17529323075623998,1344.8581016966295,0.19050899788586387,0.19050899788586387,419.6956304815629,0.06343541811934439,0.06343541811934439
483.7792821929687,0.14201813022579363,0.14201813022579363,1202.1830747375643,0.06919055912209338,0.06919055912209338,1480.7110827887059,0.03441230760160945,0.03441230760160945,1427.0121105655048,0.16882447842162057,0.16882447842162057,115.04006539058298,0.08923362587762991,0.08923362587762991,771.1690839625298,0.12023660790693187,0.12023660790693187,145.1818653815744,0.09226502387743477,0.09226502387743477,653.1440692078585,0.1407296912603976,0.1407296912603976,634.7542397102621,0.11997544208248917,0.11997544208248917,1026.0402126375895,0.055437324241379975,0.055437324241379975,926.9215235177279,0.0422298406457085,0.0422298406457085,1952.6511607392442,0.16377977269212507,0.16377977269212507,698.0341513970767,0.02417635905794422,0.02417635905794422,210.48899420682088,0.015643388260950908,0.015643388260950908,920.9081861215747,0.1290266976881496,0.1290266976881496
1681.3212244567824,0.01670484452572214,0.01670484452572214,1356.206504103737,0.12101111056796215,0.12101111056796215,1386.7586698586617,0.18354660353823155,0.18354660353823155,1295.126122311736,0.13165676277770147,0.13165676277770147,904.046345041377,0.0560177043883737,0.0560177043883737,1010.5046864972322,0.1206176717973237,0.1206176717973237,1715.2658636206043,0.06769193848202489,0.06769193848202489,1107.946909814842,0.15643565841305673,0.15643565841305673,299.7260448436885,0.005050010027684748,0.005050010027684748,563.2656486632379,0.18441091975478965,0.18441091975478965,1212.310442993643,0.0473407574324271,0.0473407574324271,1795.007803145476,0.04849077413401442,0.04849077413401442,933.4405444939713,0.057915873138592304,0.057915873138592304,1511.5976851811263,0.052172789199879666,0.052172789199879666,1451.325033492946,0.11973796494474594,0.11973796494474594
995.588111660979,0.18587006093906025,0.18587006093906025,71.89027392048874,0.021878322117881478,0.021878322117881478,799.9646856434002,0.004759275105063177,0.004759275105063177,371.2534160903074,0.1644061455698571,0.1644061455698571,1246.0283414535643,0.11045328982702816,0.11045328982702816,417.55398482477955,0.07705807105720913,0.07705807105720913,1273.9286504040813,0.02391268243882505,0.02391268243882505,1583.0215671092033,0.028824482236402816,0.028824482236402816,1001.5261235558646,0.08597390218285528,0.08597390218285528,1592.1861842483568,0.16972711320441347,0.16972711320441347,303.3734727654416,0.026716194198101187,0.026716194198101187,1244.3041855367883,0.09910147314303719,0.09910147314303719,56.689805735340215,0.15877186858748601,0.15877186858748601,1135.130592257737,0.18183497171132787,0.18183497171132787,144.58103561928803,0.0006470674242979202,0.0006470674242979202
815.0733249601136,0.19517613982385343,0.19517613982385343,761.0098254395938,0.06734854658062901,0.06734854658062901,506.335363369933,0.05244809333359171,0.05244809333359171,1140.3468341903183,0.08035584465604516,0.08035584465604516,779.465237358621,0.19505910597563442,0.19505910597563442,592.0586704880901,0.06740808075152804,0.06740808075152804,1970.0119202734681,0.16865543713762865,0.16865543713762865,1483.3838299810145,0.006004668006330128,0.006004668006330128,574.1209568833854,0.007024825931463696,0.007024825931463696,418.486006340012,0.12000692741758652,0.12000692741758652,920.3148199155855,0.07516213709918469,0.07516213709918469,930.866722266328,0.14633584555478635,0.14633584555478635,1269.4679102960877,0.15784826229131166,0.15784826229131166,1610.1037087288375,0.08358171282203708,0.08358171282203708,78.59088780558521,0.1664974236157358,0.1664974236157358
178.27974423882665,0.022546274957726167,0.022546274957726167,1918.0377997841938,0.11160943802781952,0.11160943802781952,1656.289487199866,0.12774733236957217,0.12774733236957217,572.9214913886505,0.0077825503130548816,0.0077825503130548816,334.1616187463121,0.17533181101963807,0.17533181101963807,679.9018660586054,0.10833517324334474,0.10833517324334474,1413.0683232813142,0.19587787231205478,0.19587787231205478,573.9830461786612,0.1895827512009661,0.1895827512009661,1081.4240406662345,0.040486332531313646,0.040486332531313646,602.8747713521805,0.1923867382154344,0.1923867382154344,1238.3413519065525,0.1633306661374993,0.1633306661374993,76.98934699884718,0.17136274139373164,0.17136274139373164,1327.8557148429363,0.01606279028413571,0.01606279028413571,1313.207849124743,0.03598623666139616,0.03598623666139616,1905.1676104579906,0.06992212587654381,0.06992212587654381
582.6880355577877,0.0020911113180347887,0.0020911113180347887,435.1595473488936,0.18735274716956954,0.18735274716956954,1581.8126226565419,0.13463949469854442,0.13463949469854442,1281.279618062298,0.16163038478056058,0.16163038478056058,438.82874802295026,0.04113855116308891,0.04113855116308891,1325.836838334601,0.08347831041617271,0.08347831041617271,1670.6982921945407,0.009432113338089932,0.009432113338089932,258.3206373157041,0.10309200704565323,0.10309200704565323,1648.8375456706983,0.10924792069782895,0.10924792069782895,1220.4760257626058,0.15449159054438222,0.15449159054438222,1052.2190947630638,0.11299968761607891,0.11299968761607891,347.4559226425085,0.012319816842877019,0.012319816842877019,1580.6344040063782,0.04019352581713538,0.04019352581713538,116.31511993009357,0.12490534075403932,0.12490534075403932,37.24683077197888,0.030527554279318615,0.030527554279318615
1324.5352646183064,0.10587445406309522,0.10587445406309522,1441.9396764318258,0.14415590004968143,0.14415590004968143,1282.6621423891452,0.044181511027863586,0.044181511027863586,12.465218664597266,0.004243983273830509,0.004243983273830509,1518.6834080110789,0.1603905612623268,0.1603905612623268,1886.1515657128757,0.025947783661369874,0.025947783661369874,1322.1804881652924,0.07243168918247143,0.07243168918247143,239.64681500296513,0.12865366731629643,0.12865366731629643,1068.5107992916228,0.013132475128083422,0.013132475128083422,22.82255070373207,0.02938078597099041,0.02938078597099041,995.1791478255318,0.13556360870566528,0.13556360870566528,1333.1354466883568,0.12947383027585926,0.12947383027585926,504.4541962018476,0.022264871065010364,0.022264871065010364,1303.6174283373555,0.011744294477883832,0.011744294477883832,248.82616588002128,0.14424071201223373,0.14424071201223373
1001.1552363122848,0.109955380173399,0.109955380173399,202.88717109831288,0.1043592540655516,0.1043592540655516,1369.9955805296356,0.10753912255596494,0.10753912255596494,841.229630737522,0.17773876431909785,0.17773876431909785,1480.4323765629163,0.14533950268326037,0.14533950268326037,1827.9968320641406,0.1954750223995162,0.1954750223995162,1502.767178253622,0.008990136467448995,0.008990136467448995,1507.5306104179947,0.02274898704194435,0.02274898704194435,1707.9992444927875,0.10180474256960187,0.10180474256960187,1882.0019200007084,0.19043559036412508,0.19043559036412508,1694.4286482926393,0.11012453442600295,0.11012453442600295,1133.5255026778789,0.09259570284034394,0.09259570284034394,1566.4721243584627,0.023947869993077478,0.023947869993077478,1848.1603874421812,0.08928556703349436,0.08928556703349436,73.91615093136394,0.015748392311692363,0.015748392311692363
472.22537271428047,0.12599067053445537,0.12599067053445537,913.4711783448048,0.042887610057232586,0.042887610057232586,802.5740416132079,0.05919908445939828,0.05919908445939828,315.3352311124846,0.09564452406973321,0.09564452406973321,807.581721514377,0.10328501736405414,0.10328501736405414,409.74699690457726,0.07867671403956565,0.07867671403956565,602.5795739656443,0.03244395673279137,0.03244395673279137,99.41671342103508,0.08431153743272946,0.08431153743272946,1790.2706696773275,0.0861544036057645,0.0861544036057645,385.63935930177394,0.013586771223337402,0.013586771223337402,948.2561527500216,0.1391106439528549,0.1391106439528549,799.9582859905736,0.007587728588362475,0.007587728588362475,919.0007318696138,0.1767902161327994,0.1767902161327994,96.11875431774752,0.0650722071904827,0.0650722071904827,1150.8305671796036,0.16264679636594137,0.16264679636594137
1715.3328312619471,0.14123852570194526,0.14123852570194526,1894.9420360652398,0.02537936123752247,0.02537936123752247,1140.451242335661,0.029892592340718352,0.029892592340718352,736.6903077039118,0.15978835874812367,0.15978835874812367,140.41574299796844,0.11763798322589968,0.11763798322589968,1004.1461893958783,0.023805900091946653,0.023805900091946653,19.371404332481525,0.06966010645717156,0.06966010645717156,1376.5464406647504,0.08320736037595407,0.08320736037595407,1451.6277048948123,0.1704156808759489,0.1704156808759489,177.3751170385416,0.019387816828644013,0.019387816828644013,1068.615549006055,0.07152953342959963,0.07152953342959963,655.5520488333233,0.0355312721723573,0.0355312721723573,54.59584678595198,0.0017342409806435644,0.0017342409806435644,741.2358995413653,0.0037249690033940744,0.0037249690033940744,527.0285097639464,0.13819300871257212,0.13819300871257212
1839.0815692778037,0.1977077793581991,0.1977077793581991,1328.55179823537,0.03144238982295451,0.03144238982295451,1747.2703475655185,0.029835013554377655,0.029835013554377655,1744.9128671826486,0.11237997247017927,0.11237997247017927,127.7125049385881,0.14878632055870655,0.14878632055870655,1183.4843846192343,0.12019055618124413,0.12019055618124413,827.8721913421547,0.023531978236343544,0.023531978236343544,1309.3408276844048,0.1025037235486349,0.1025037235486349,639.8715811574134,0.16081581328271766,0.16081581328271766,702.8537192683124,0.0805856095629372,0.0805856095629372,675.3766764529971,0.011380743734733523,0.011380743734733523,1762.3334918830114,0.13335905752596475,0.13335905752596475,1443.4163909969573,0.1357837335302599,0.1357837335302599,1044.570034376463,0.009077394447716158,0.009077394447716158,1649.8932809304595,0.05938830024659352,0.05938830024659352
243.45806361989776,0.09331886424241738,0.09331886424241738,1909.8435384059756,0.1938883553902669,0.1938883553902669,883.5044675024018,0.19818400609265033,0.19818400609265033,1243.1612144852766,0.04402466129601863,0.04402466129601863,1566.9348558267698,0.11822412862867511,0.11822412862867511,1458.2367512173169,0.12345028144220488,0.12345028144220488,1935.0095661911469,0.03255095230273455,0.03255095230273455,759.1123597499991,0.01407728121639349,0.01407728121639349,1435.4071999192095,0.05888628729912211,0.05888628729912211,1298.7539111823255,0.014757309377104288,0.014757309377104288,854.6186683168206,0.1239839105323509,0.1239839105323509,196.82759044711906,0.014628586103432052,0.014628586103432052,404.2236134537271,0.08727056493277696,0.08727056493277696,679.2413995312428,0.1961807120384634,0.1961807120384634,816.257203959353,0.19395561717804993,0.19395561717804993
212.71778385612095,0.13430267390074027,0.13430267390074027,1603.3104013896254,0.01998694797515628,0.01998694797515628,493.36833593911564,0.06703145376376754,0.06703145376376754,1455.772872649646,0.1359231646463869,0.1359231646463869,201.90880518654942,0.09376874707320569,0.09376874707320569,1993.2862831417756,0.1497501670515309,0.1497501670515309,686.4204619790404,0.12582010489615988,0.12582010489615988,1632.4391393947833,0.1393756356478699,0.1393756356478699,1625.4228410154726,0.042309264133234596,0.042309264133234596,889.7734194874056,0.11712778006992104,0.11712778006992104,958.1021219111215,0.0830171063271161,0.0830171063271161,820.0053781121353,0.19492044878270331,0.19492044878270331,1039.8112926518843,0.08913757879870242,0.08913757879870242,1341.495613196997,0.08879032939243128,0.08879032939243128,151.77560671757217,0.01097192863387646,0.01097192863387646
1701.0722458741486,0.12635169379964986,0.12635169379964986,851.4231684011157,0.04623578079549462,0.04623578079549462,1130.0974859543242,0.1537664726199501,0.1537664726199501,1217.825666679438,0.15648755208863438,0.15648755208863438,1592.580355345555,0.08325310479072817,0.08325310479072817,992.7542886981311,0.11130067527655828,0.11130067527655828,1248.2005090218988,0.06759543294612114,0.06759543294612114,607.4920049967021,0.144817894339261,0.144817894339261,190.76931067233315,0.04062849530629351,0.04062849530629351,1839.0803979472155,0.14418001222545343,0.14418001222545343,145.54701153922855,0.17425437580121084,0.17425437580121084,908.4379169221628,0.13529508349053562,0.13529508349053562,1901.0308329658853,0.037845260521864925,0.037845260521864925,280.2443417598055,0.1484827793700193,0.1484827793700193,1095.200545601337,0.06655681902897755,0.06655681902897755
126.65421920665709,0.015076388450820911,0.015076388450820911,1739.2994036926152,0.07691037002053386,0.07691037002053386,1596.5360157134771,0.03066512902087879,0.03066512902087879,180.76226621508007,0.12195364233566193,0.12195364233566193,1041.6301085336972,0.1258631807828526,0.1258631807828526,1483.6345595925707,0.09258722405171155,0.09258722405171155,507.61835012507794,0.051434804471150654,0.051434804471150654,1346.8228269376314,0.1727856161892405,0.1727856161892405,736.5439381212651,0.16120569650008365,0.16120569650008365,1574.0273714520217,0.05522764828036959,0.05522764828036959,1516.9480384410822,0.13909448492664828,0.13909448492664828,168.0746505233983,0.1961379265792741,0.1961379265792741,165.39426678541312,0.023833314661946072,0.023833314661946072,1492.1537931443654,0.16185296915369954,0.16185296915369954,1608.997600573756,0.16415908012429942,0.16415908012429942
1939.4588048372677,0.06533382927072531,0.06533382927072531,1793.713206735466,0.05968736245529871,0.05968736245529871,1653.7289494699903,0.1364008171411471,0.1364008171411471,645.8213856734778,0.13650604590260698,0.13650604590260698,695.347478719528,0.16009479387746184,0.16009479387746184,1619.2830992293943,0.010147116928942768,0.010147116928942768,1134.0421189151068,0.00018765141653720452,0.00018765141653720452,682.0439775563066,0.018113726971339682,0.018113726971339682,174.00707114807278,0.13514434006682,0.13514434006682,1747.0362157997563,0.07859854547876709,0.07859854547876709,912.7840484526444,0.13959533353845036,0.13959533353845036,460.13636876016005,0.16954369209022113,0.16954369209022113,226.41124759773425,0.17979921037290758,0.17979921037290758,397.1859647766083,0.00028255287590437387,0.00028255287590437387,1843.8833285150408,0.12053292246468501,0.12053292246468501
1271.1686083138547,0.18758830996443135,0.18758830996443135,517.720180375538,0.09928341836486301,0.09928341836486301,1008.573309608372,0.011184361232799644,0.011184361232799644,475.937442747804,0.00215876116038356,0.00215876116038356,299.9851208007751,0.13015085791031397,0.13015085791031397,904.8763987320497,0.17431225043095275,0.17431225043095275,1011.8977114969703,0.19104888422788513,0.19104888422788513,1921.621495236617,0.12452508363362665,0.12452508363362665,1303.3336289414399,0.021319127945276684,0.021319127945276684,1364.2430657496627,0.13786653125926634,0.13786653125926634,1761.3179329429706,0.08608943837662181,0.08608943837662181,365.7429789183506,0.13706837444381956,0.13706837444381956,750.6385182738355,0.16428552416453415,0.16428552416453415,1345.325589754541,0.06563641716599418,0.06563641716599418,1822.14959832165,0.04088512677421599,0.04088512677421599
1598.5571100737152,0.05861055380911045,0.05861055380911045,1267.4885382984899,0.048303197462575526,0.048303197462575526,278.10725778444834,0.1478288139485124,0.1478288139485124,1766.700817590178,0.16094809750068526,0.16094809750068526,626.0633497359902,0.06518433779012496,0.06518433779012496,1385.9947836906265,0.04728047651701994,0.04728047651701994,750.7022490828921,0.08203043763715578,0.08203043763715578,557.3351650644165,0.17775582409028012,0.17775582409028012,1832.1361710957099,0.18256946322548837,0.18256946322548837,979.9485126323638,0.08217324019590487,0.08217324019590487,1697.0629387415165,0.12558439094626603,0.12558439094626603,154.81098795241243,0.15675119275753518,0.15675119275753518,1873.9463981802921,0.05903331658893403,0.05903331658893403,1332.8116008867237,0.07345274915736096,0.07345274915736096,1594.2306545702677,0.14882688502405686,0.14882688502405686
335.9167036541264,0.023433609669430866,0.023433609669430866,1097.020019829363,0.14226093440914997,0.14226093440914997,401.0882751567135,0.10697579676649836,0.10697579676649836,278.16510451244915,0.03237457437987614,0.03237457437987614,972.8719204549399,0.15993932328440855,0.15993932328440855,1013.0589511483153,0.17252922436642532,0.17252922436642532,76.44000144113039,0.008452464650394976,0.008452464650394976,450.5938886052072,0.07417216342777866,0.07417216342777866,1811.9036725461792,0.13659482819563265,0.13659482819563265,1386.7027604555424,0.19433071019186787,0.19433071019186787,616.4365689316909,0.005965994288311039,0.005965994288311039,375.6261870862123,0.14414903167722573,0.14414903167722573,78.94036631546619,0.1824964516511813,0.1824964516511813,1526.9501090199067,0.07774224037816482,0.07774224037816482,192.56611365234332,0.09432866304503607,0.09432866304503607
1957.5027727772797,0.11867820020062442,0.11867820020062442,389.42782629129425,0.1127610540818867,0.1127610540818867,1568.9916568250892,0.19819069810307463,0.19819069810307463,404.1838865253111,0.0642932302573329,0.0642932302573329,152.07273237093256,0.06998053519053127,0.06998053519053127,392.9745452456068,0.001454709927752962,0.001454709927752962,626.2385540833442,0.09442840488100201,0.09442840488100201,1758.3485799894208,0.1479004412949839,0.1479004412949839,921.8309250163479,0.137687899537704,0.137687899537704,1140.8797662586635,0.157810856753221,0.157810856753221,222.38061431690048,0.10639018850946771,0.10639018850946771,737.12624302729,0.1650380996478986,0.1650380996478986,850.0306911801823,0.13200301217282526,0.13200301217282526,1540.918031121971,0.03685227272062708,0.03685227272062708,1015.8469304300417,0.05301221574643129,0.05301221574643129
1605.2923839451228,0.15788076930282846,0.15788076930282846,1889.8841888202794,0.1531703300880024,0.1531703300880024,1158.0124018993977,0.17406720840013984,0.17406720840013984,197.02504006275555,0.08060604707879973,0.08060604707879973,506.21055149008873,0.17021271469436808,0.17021271469436808,961.239715591997,0.16814342116447328,0.16814342116447328,27.192970693430183,0.14990279815029325,0.14990279815029325,1516.9645718286326,0.058306935003853956,0.058306935003853956,509.8728562323056,0.19713049828720053,0.19713049828720053,76.936366527113,0.19516256908530405,0.19516256908530405,1416.4992021748383,0.11626244441182812,0.11626244441182812,1386.2616309827122,0.16112493726416635,0.16112493726416635,1198.0638839647552,0.19490500834323496,0.19490500834323496,1559.7261640383872,0.04322043620118565,0.04322043620118565,1073.312295630076,0.08680020664799429,0.08680020664799429
1014.0311650038823,0.1158883531858411,0.1158883531858411,458.2610701454695,0.024072427921590013,0.024072427921590013,644.8332834906267,0.1675602923966594,0.1675602923966594,1859.9158363316415,0.12109361787543967,0.12109361787543967,53.718947335794184,0.1403432654187375,0.1403432654187375,878.4246824562358,0.05407664098012421,0.05407664098012421,362.70316670654614,0.1548003589215528,0.1548003589215528,1269.9506464642184,0.1478426892445098,0.1478426892445098,1783.9397206420404,0.05093370719443509,0.05093370719443509,333.85303924795704,0.11813363449064299,0.11813363449064299,463.28496438545017,0.054668362447548136,0.054668362447548136,721.8633108472643,0.02549921583497432,0.02549921583497432,1154.617207682091,0.17591592823502283,0.17591592823502283,749.0937594923133,0.1423231306773635,0.1423231306773635,1796.7525655368358,0.05381888838203013,0.05381888838203013
469.5550432753828,0.020406155499820944,0.020406155499820944,830.2360844741543,0.006775701190522909,0.006775701190522909,1967.469758764796,0.023504412336312754,0.023504412336312754,1162.0190755279764,0.14212893146071967,0.14212893146071967,899.6936683928318,0.16655462527063766,0.16655462527063766,751.692513407336,0.05964726128921585,0.05964726128921585,137.78105165981324,0.06565753682158414,0.06565753682158414,1282.6864492726022,0.19912949663107815,0.19912949663107815,590.6559379190081,0.011790315350201964,0.011790315350201964,1218.3459893072134,0.020317340862936552,0.020317340862936552,882.4519511384708,0.11874289777774685,0.11874289777774685,1275.672280511742,0.13004667157777858,0.13004667157777858,1739.5450790243865,0.019336250689295564,0.019336250689295564,934.1793031965968,0.15480413786708597,0.15480413786708597,890.0731278684908,0.16975891983503807,0.16975891983503807
178.49197281616668,0.1690129256113806,0.1690129256113806,1913.4822022690619,0.032346483335840004,0.032346483335840004,920.7280331797148,0.09775500912846957,0.09775500912846957,577.2348354708059,0.015784816530400935,0.015784816530400935,33.06451386372466,0.19691198382725045,0.19691198382725045,1109.2049280479491,0.11526812051099851,0.11526812051099851,550.9939594378347,0.14393963722840108,0.14393963722840108,1866.0575149536471,0.04680839256440659,0.04680839256440659,1104.089784050313,0.13605958621558348,0.13605958621558348,1874.424656109784,0.08048887980326136,0.08048887980326136,1159.8015537545098,0.191170025888722,0.191170025888722,318.12151168303114,0.12618763741845512,0.12618763741845512,103.56004747963166,0.08999805753908469,0.08999805753908469,34.860864517116006,0.08026811983708411,0.08026811983708411,1628.338598565505,0.19520415196679008,0.19520415196679008
1479.7331777418478,0.014072800560647237,0.014072800560647237,941.3653067690195,0.11097799396302835,0.11097799396302835,980.575718071164,0.1804614247134781,0.1804614247134781,1387.3995381281125,0.025306026792436077,0.025306026792436077,66.23768130721163,0.07410309301863231,0.07410309301863231,821.9553717318881,0.0834680026493056,0.0834680026493056,246.79885667965485,0.16064538048413082,0.16064538048413082,541.8054896387092,0.0441487396087968,0.0441487396087968,294.30219084008627,0.029287266499969267,0.029287266499969267,309.30896216521387,0.01087754991281975,0.01087754991281975,1914.9879428037111,0.09058632890544716,0.09058632890544716,882.9196046156325,0.048015896126268734,0.048015896126268734,1292.9470557541206,0.022881567420689898,0.022881567420689898,680.8581098194721,0.02066648129307849,0.02066648129307849,706.5837082332023,0.12905792889754583,0.12905792889754583
1570.1628469430707,0.051200708190183054,0.051200708190183054,1273.2825756456994,0.17753504852589463,0.17753504852589463,1949.0448231013975,0.05060493543683556,0.05060493543683556,235.84206566307685,0.04027777551623671,0.04027777551623671,224.30432350119767,0.13614558693130674,0.13614558693130674,1994.821283271588,0.09221437341583967,0.09221437341583967,180.42282380594244,0.04194187085480172,0.04194187085480172,1449.4435025667576,0.19139905235158833,0.19139905235158833,551.8166365085424,0.18855345068517734,0.18855345068517734,867.8185973861162,0.171966336088,0.171966336088,1592.5111757696493,0.11739681630321311,0.11739681630321311,505.78149723291267,0.12752666396512266,0.12752666396512266,284.63225322945186,0.1818997680120757,0.1818997680120757,466.9398041350272,0.07590917809957716,0.07590917809957716,355.5293318268746,0.025237080926595847,0.025237080926595847
1654.7042402699672,0.0946798664225566,0.0946798664225566,1124.1916674722481,0.17700344364540802,0.17700344364540802,732.6311195185014,0.19659492080730412,0.19659492080730412,1185.743674516397,0.0030579819652975407,0.0030579819652975407,123.53961390739099,0.08740872486091494,0.08740872486091494,1421.4409486352095,0.06951482741839002,0.06951482741839002,1404.732260145772,0.042767091195422706,0.042767091195422706,668.012164543454,0.011390821610585734,0.011390821610585734,958.6632460037514,0.01103617643893693,0.01103617643893693,445.3801177301913,0.058436587339607486,0.058436587339607486,1646.1390805416308,0.19850717701212933,0.19850717701212933,1444.143110452893,0.17323888481893257,0.17323888481893257,971.6095378434275,0.005390333180186735,0.005390333180186735,1181.5187447060923,0.18490561747080286,0.18490561747080286,55.830915464946564,0.19615547631396285,0.19615547631396285
782.3252522927622,0.1352714896624661,0.1352714896624661,321.16057515233297,0.07924202796443024,0.07924202796443024,645.7009606420135,0.15280620662364575,0.15280620662364575,522.8233067783252,0.06543819938790814,0.06543819938790814,438.0069382288738,0.06251688467576115,0.06251688467576115,896.4408957453122,0.172477874514234,0.172477874514234,1135.3142026739558,0.1683992878773296,0.1683992878773296,1805.6851506024614,0.19689640888610613,0.19689640888610613,301.99273399913574,0.14036139533045175,0.14036139533045175,610.322503995216,0.10707626864911544,0.10707626864911544,567.2494498077054,0.11694989065823427,0.11694989065823427,1099.3313578094055,0.0031254546009790163,0.0031254546009790163,1457.940161455054,0.00937435385043799,0.00937435385043799,645.7560290286184,0.04970471925141662,0.04970471925141662,156.97539106519343,0.18079650973066183,0.18079650973066183
990.8102344223979,0.0842032220535775,0.0842032220535775,1095.58315066497,0.11876156840962,0.11876156840962,1309.2546414481133,0.0093634040894925,0.0093634040894925,1973.6767631686507,0.1505362454322715,0.1505362454322715,873.4611510760398,0.1897216044416117,0.1897216044416117,1482.9847691392179,0.1058439410098892,0.1058439410098892,1908.052977614751,0.08727096565601877,0.08727096565601877,431.16917323274254,0.1258631464204672,0.1258631464204672,1979.0016268746042,0.015771310454190623,0.015771310454190623,317.63412533464776,0.1058991980868122,0.1058991980868122,1231.6125905137699,0.0952949144821703,0.0952949144821703,1121.1745165555285,0.01834865823573011,0.01834865823573011,1758.6460998569041,0.048549550257367846,0.048549550257367846,1908.087128337536,0.044908322036518206,0.044908322036518206,1148.3670244048926,0.07698030202972916,0.07698030202972916
563.8024188598365,0.12977832938226977,0.12977832938226977,1460.7702486797252,0.11709839034303574,0.11709839034303574,1039.4943180669902,0.06594437553555864,0.06594437553555864,353.3826603733958,0.13923715776878517,0.13923715776878517,157.23265137339416,0.19033681224879376,0.19033681224879376,1782.7503599115867,0.017146944970348833,0.017146944970348833,1715.435684394897,0.022261393390464804,0.022261393390464804,117.58881604357074,0.08503344161594095,0.08503344161594095,1952.8195460792972,0.14405881567828988,0.14405881567828988,1422.7204080056454,0.10742401717277353,0.10742401717277353,852.0416828579645,0.10641036596443372,0.10641036596443372,425.8262878516568,0.1640267980102481,0.1640267980102481,1839.1530798538574,0.066949460841387,0.066949460841387,1476.2148296999683,0.09602414531702669,0.09602414531702669,609.7772615180654,0.1971604778586931,0.1971604778586931
435.80252168557587,0.04248501518974164,0.04248501518974164,633.6475607368615,0.15214922788398372,0.15214922788398372,678.0253767497142,0.06882935661128886,0.06882935661128886,30.001296528331167,0.16370287808649445,0.16370287808649445,1738.1724996917358,0.07752370055056156,0.07752370055056156,1441.4159579936872,0.15812136353678552,0.15812136353678552,1858.803093537604,0.17464554084764958,0.17464554084764958,1229.4038728616927,0.1741722420785938,0.1741722420785938,1152.5313437498116,0.18403281565679333,0.18403281565679333,760.8593145657476,0.17020058200436328,0.17020058200436328,492.2941317538867,0.18798125108105657,0.18798125108105657,1911.4430494809717,0.13251712962068987,0.13251712962068987,1788.454042686616,0.04340303290149519,0.04340303290149519,1016.6575584951554,0.16969833803798812,0.16969833803798812,1502.588750963223,0.05607499256320936,0.05607499256320936
1199.0453459671892,0.1866822810288594,0.1866822810288594,814.3983581925773,0.1141048038891207,0.1141048038891207,1009.5613084529282,0.015646068290334547,0.015646068290334547,244.7043769462329,0.045991565815442816,0.045991565815442816,1301.7310471730893,0.19821411241738507,0.19821411241738507,1447.827805864058,0.02597471393816213,0.02597471393816213,1992.809834138854,0.10707491501785865,0.10707491501785865,925.5228632291115,0.18586464989090204,0.18586464989090204,505.8449537210814,0.14548752776439625,0.14548752776439625,1584.2185996819364,0.05710524579905969,0.05710524579905969,305.32690936707365,0.1321603354342446,0.1321603354342446,812.0574515345853,0.19953136350778145,0.19953136350778145,1555.398863031724,0.11442301564930416,0.11442301564930416,1758.7879760345193,0.11666884421259245,0.11666884421259245,1580.4015562383893,0.1422165307691927,0.1422165307691927
1072.839420796456,0.07857802679940085,0.07857802679940085,1186.0619441825777,0.12773203488175028,0.12773203488175028,1986.4706954443366,0.050901602232928084,0.050901602232928084,1633.9084151312152,0.19433491845041584,0.19433491845041584,156.10885751380656,0.15667097273384645,0.15667097273384645,1214.5032682241128,0.1401565012866038,0.1401565012866038,120.52809677099896,0.04457032086208188,0.04457032086208188,1858.287487702079,0.1213679181512968,0.1213679181512968,343.7807323624102,0.02594843158713689,0.02594843158713689,1719.2305006082288,0.1069388480226551,0.1069388480226551,504.26771283657155,0.1126490276060974,0.1126490276060974,1562.5000648051232,0.08513963599469887,0.08513963599469887,1037.6308107016193,0.07785138823451009,0.07785138823451009,437.401558734136,0.07472159624930663,0.07472159624930663,1016.8461036993818,0.015547587826589805,0.015547587826589805
209.4532003955567,0.1975006935771355,0.1975006935771355,47.18195925645175,0.08794009225531724,0.08794009225531724,1173.9094770176853,0.13230802948262593,0.13230802948262593,1829.4850355522115,0.04171825316460598,0.04171825316460598,436.39480006465715,0.15871196974487267,0.15871196974487267,1731.1712732995195,0.17830730108223314,0.17830730108223314,956.8427235265251,0.10708954214991702,0.10708954214991702,47.38379830866801,0.07851801813400845,0.07851801813400845,1236.5303524041146,0.17398984151707683,0.17398984151707683,1458.4009296169313,0.15720555388686303,0.15720555388686303,1821.0833501594532,0.15523742916804895,0.15523742916804895,545.8029431927323,0.19487646365906505,0.19487646365906505,358.7314236065409,0.11610730694577585,0.11610730694577585,481.1470551595216,0.035482537349267984,0.035482537349267984,1609.958870566288,0.1160252890442185,0.1160252890442185
926.6375666718199,0.07410772049727232,0.07410772049727232,274.15529685370865,0.0023418140447917903,0.0023418140447917903,365.47363439614645,0.11559472405313648,0.11559472405313648,457.44140357730754,0.03500934836718581,0.03500934836718581,1786.7639241969514,0.12563300465548186,0.12563300465548186,375.5067173271325,0.1507534095816688,0.1507534095816688,1937.1204022702514,0.19486194185831607,0.19486194185831607,35.04442451577483,0.1663039810146555,0.1663039810146555,1747.5026848155476,0.11117296373899971,0.11117296373899971,1025.390990829265,0.10804434823175418,0.10804434823175418,1276.888159516177,0.0589696634716457,0.0589696634716457,892.5468339179358,0.1431674975037731,0.1431674975037731,688.3555255608504,0.08779453198583181,0.08779453198583181,329.3065218323488,0.11529517879092428,0.11529517879092428,831.6033805727699,0.08310736137366062,0.08310736137366062
959.5269826653463,0.0836540854789253,0.0836540854789253,1158.3768930114163,0.09465743826834849,0.09465743826834849,694.3608408275109,0.020979230419775098,0.020979230419775098,16.11988312768098,0.12682008737993683,0.12682008737993683,607.8748029710754,0.14094232066868934,0.14094232066868934,851.3043739364085,0.1533362587658052,0.1533362587658052,1892.5783363475898,0.19183509451498887,0.19183509451498887,588.2471962076146,0.18606856617201323,0.18606856617201323,1608.4257097634354,0.17020515662026814,0.17020515662026814,254.57870900544742,0.12929594021145316,0.12929594021145316,1679.4102053620545,0.01194137928645287,0.01194137928645287,438.0340854309721,0.18250016876516953,0.18250016876516953,633.2761528295994,0.023043849620491975,0.023043849620491975,1621.518277791736,0.1435796050259893,0.1435796050259893,1092.676999305302,0.055817826366868765,0.055817826366868765
6.588475702826502,0.08607332659517948,0.08607332659517948,1808.3340711939595,0.17566482862645186,0.17566482862645186,1748.949007440385,0.09544799820384076,0.09544799820384076,412.46762169060537,0.023769746847503683,0.023769746847503683,1900.4260477083183,0.000856014652424264,0.000856014652424264,1246.9035473923802,0.18872369304807066,0.18872369304807066,798.0417859595855,0.04927675201858566,0.04927675201858566,1847.0406677111712,0.1753936906977912,0.1753936906977912,684.0720490313649,0.11713972216497702,0.11713972216497702,215.54150676740602,0.195705080061044,0.195705080061044,1878.0030558555065,0.08314748836452662,0.08314748836452662,1109.2300504513237,0.10361169931321777,0.10361169931321777,1493.8587324097894,0.0923058858200917,0.0923058858200917,1706.102433297327,0.017741870339525168,0.017741870339525168,118.3020172817486,0.02045863223438751,0.02045863223438751
65.23423891451907,0.17361272625458063,0.17361272625458063,362.6010750477886,0.09296385068601572,0.09296385068601572,418.5236553261069,0.1807358163634241,0.1807358163634241,1267.776958423587,0.02449205099402072,0.02449205099402072,340.55863710344727,0.04679886131361513,0.04679886131361513,1025.1912433296575,0.028241855053540446,0.028241855053540446,747.0065546688112,0.06933841353388008,0.06933841353388008,354.17986766146936,0.08552935560280317,0.08552935560280317,27.269337154740334,0.16878859266231905,0.16878859266231905,1374.5509251256597,0.0936618887767891,0.0936618887767891,628.375482692292,0.16944548048091215,0.16944548048091215,1003.4614338304158,0.01162790736658741,0.01162790736658741,27.73975595423739,0.13111240523698028,0.13111240523698028,337.7184804869935,0.056184283371168056,0.056184283371168056,485.0915182859321,0.18887742399061375,0.18887742399061375
723.073356506227,0.04527923931230145,0.04527923931230145,1899.8090773671881,0.050843415018309246,0.050843415018309246,1856.22997689472,0.16726531950415754,0.16726531950415754,1620.4122470464392,0.19315013727194694,0.19315013727194694,784.4801623267275,0.18147337994228413,0.18147337994228413,1174.71104030938,0.011241308375615612,0.011241308375615612,1605.5467645742337,0.013206471542272103,0.013206471542272103,1305.231521784477,0.13843431604198556,0.13843431604198556,1836.779994630503,0.07798215004249565,0.07798215004249565,1742.8929223801526,0.11783190454330646,0.11783190454330646,1196.2553593099797,0.09363886880392412,0.09363886880392412,1460.3563103372019,0.12111079819053322,0.12111079819053322,216.38916998937185,0.11366743045286612,0.11366743045286612,1130.5032219774157,0.19425506767012715,0.19425506767012715,1135.2606785347803,0.13111199983120422,0.13111199983120422
1193.9138176107103,0.15219240691120106,0.15219240691120106,1239.536058167658,0.046234083711833,0.046234083711833,1305.9168773764075,0.19179471883189095,0.19179471883189095,1897.9020045387772,0.0674289747237039,0.0674289747237039,432.26047665720444,0.07311617711461825,0.07311617711461825,1537.503069452451,0.17311894427973312,0.17311894427973312,1267.9875077736433,0.12373492516279049,0.12373492516279049,1388.5263687786407,0.1984189534783824,0.1984189534783824,1352.0122114463927,0.09004232915496102,0.09004232915496102,662.2443052340632,0.15230313758000136,0.15230313758000136,1838.6711625086236,0.013376855619722839,0.013376855619722839,1955.397561560413,0.15223155776507308,0.15223155776507308,883.2405102717089,0.053453119655672454,0.053453119655672454,546.8119749731032,0.15451180467596498,0.15451180467596498,1513.2897959769325,0.08008626536003388,0.08008626536003388
604.9246323341255,0.030106970917086695,0.030106970917086695,105.37592304171461,0.10324428952185914,0.10324428952185914,1926.3701773865384,0.004469818294335815,0.004469818294335815,255.25280677678032,0.1029994137294469,0.1029994137294469,1294.3127372916397,0.08622150351262681,0.08622150351262681,679.3506985140265,0.19524256235548856,0.19524256235548856,1133.863334274562,0.047981070530881145,0.047981070530881145,1328.58339538011,0.11488366073230138,0.11488366073230138,1903.7830277633625,0.15608696330989036,0.15608696330989036,1147.6122847876047,0.10068753651750623,0.10068753651750623,1752.1272941338873,0.004712940897417007,0.004712940897417007,697.7803867869366,0.1860749340797062,0.1860749340797062,1209.8011884424056,0.12543415830462148,0.12543415830462148,1898.3479300178637,0.17931409118946992,0.17931409118946992,1129.8274841567945,0.06911260453274315,0.06911260453274315
350.9617154086995,0.09720004483345679,0.09720004483345679,980.2116669652759,0.03281069013400815,0.03281069013400815,1661.3309667643061,0.03273474821971829,0.03273474821971829,1983.7270513504634,0.01226123805518824,0.01226123805518824,174.31909817127655,0.04099498603288254,0.04099498603288254,1533.9100354583131,0.079587466710837,0.079587466710837,408.2897127988405,0.061355781164060624,0.061355781164060624,749.1994158046673,0.06886243658473183,0.06886243658473183,1935.6127730198496,0.07431827055758798,0.07431827055758798,1538.6883168948189,0.188557197272125,0.188557197272125,621.849893558551,0.00454106654989952,0.00454106654989952,1899.7541454291822,0.08685492892723456,0.08685492892723456,362.62858941907814,0.085445529797548,0.085445529797548,199.75571212166466,0.1916010467823859,0.1916010467823859,1273.0986594364974,0.16169014171115706,0.16169014171115706
1612.699781319829,0.0636635881983093,0.0636635881983093,1385.8832321602288,0.1683980663971777,0.1683980663971777,899.9312102888608,0.18733385821649748,0.18733385821649748,799.5818127919114,0.0732987119456762,0.0732987119456762,1869.4926210430167,0.028530698433733816,0.028530698433733816,1963.603761993012,0.11996179677962392,0.11996179677962392,678.8101302366852,0.05976199360659678,0.05976199360659678,1171.8375401534313,0.02570102527824214,0.02570102527824214,1402.6580876371374,0.07348890648284227,0.07348890648284227,859.5993143318188,0.1490729135382207,0.1490729135382207,1627.2274064825026,0.06536477254141806,0.06536477254141806,1783.348332336218,0.11262674076077105,0.11262674076077105,1015.4968603347401,0.04460396713143473,0.04460396713143473,893.6418442538334,0.18517041790252997,0.18517041790252997,55.129922537179965,0.019237259896004045,0.019237259896004045
1430.5106457748138,0.045305482703854885,0.045305482703854885,81.27388589275886,0.009070872881713488,0.009070872881713488,942.9983619681159,0.13844152301724905,0.13844152301724905,1992.2036810166476,0.1075706188995173,0.1075706188995173,905.3759653094338,0.11147694567025362,0.11147694567025362,533.6543769602932,0.07313178379676753,0.07313178379676753,191.06792137283523,0.09480983502581192,0.09480983502581192,1709.7510929534237,0.14140562098724804,0.14140562098724804,232.3162263053249,0.0940685536533384,0.0940685536533384,1616.665158079281,0.15981867355002569,0.15981867355002569,1672.5418023492732,0.10542067898491486,0.10542067898491486,380.8248990457832,0.18920053424173666,0.18920053424173666,704.4394408713606,0.014712907838932933,0.014712907838932933,252.3100138471215,0.021234074703087427,0.021234074703087427,575.9451828664188,0.013888799713909017,0.013888799713909017
901.4685314896474,0.18311637966474473,0.18311637966474473,88.92662693092657,0.05867045149363719,0.05867045149363719,497.40379718008245,0.13446768442368004,0.13446768442368004,1121.070034837013,0.1834377131398358,0.1834377131398358,1523.6875299270034,0.09675091781061224,0.09675091781061224,1266.6744735446398,0.19522961965722002,0.19522961965722002,1378.6036640119312,0.04062260499849706,0.04062260499849706,1766.0671600841536,0.004246587535543878,0.004246587535543878,527.7536274177486,0.07164547052301727,0.07164547052301727,1531.1538125322934,0.1639453453596815,0.1639453453596815,25.420438465101782,0.13467673227347188,0.13467673227347188,596.2734023063779,0.19709621820324408,0.19709621820324408,1181.9131306023428,0.018773209513931712,0.018773209513931712,1187.4972098190658,0.17718358245791466,0.17718358245791466,935.2786906614863,0.010591089139045919,0.010591089139045919
179.08807479447208,0.09762513267811981,0.09762513267811981,249.93358808840372,0.15439559039480405,0.15439559039480405,1549.1566423950367,0.037386090369338244,0.037386090369338244,1883.2434454584563,0.03947138894102016,0.03947138894102016,1457.7355674429848,0.07578166911159252,0.07578166911159252,1832.8162663899936,0.12328649627682212,0.12328649627682212,1978.8651184397083,0.033010262590819316,0.033010262590819316,654.135354639221,0.16539885138540078,0.16539885138540078,1761.3420733953733,0.037645432182787576,0.037645432182787576,545.272537529754,0.09459703265792768,0.09459703265792768,118.42800413438859,0.12177097321593132,0.12177097321593132,1240.0317367708037,0.11337503981202657,0.11337503981202657,511.46108346016183,0.13712569879721967,0.13712569879721967,1260.0492821496503,0.1363891360949807,0.1363891360949807,44.519747318767735,0.12800252599109382,0.12800252599109382
935.2919389456096,0.15693927588454673,0.15693927588454673,643.6406265500605,0.0746167274376038,0.0746167274376038,175.92641174821955,0.12040184987379997,0.12040184987379997,1283.5789730934375,0.03234026282705176,0.03234026282705176,592.7566801381392,0.07022826745477533,0.07022826745477533,329.79471841241747,0.19158318730949933,0.19158318730949933,20.432971822923918,0.14312447745729537,0.14312447745729537,162.09567951089255,0.12444805930592802,0.12444805930592802,68.8894588891491,0.1055514245856527,0.1055514245856527,923.3608825518662,0.004988450709467629,0.004988450709467629,277.66014927513913,0.17218687627818752,0.17218687627818752,226.29876645869308,0.00588101105111214,0.00588101105111214,103.82222513291528,0.1159808100368678,0.1159808100368678,1329.5519452088797,0.05039743198666291,0.05039743198666291,1417.91676152634,0.0587436354227586,0.0587436354227586
1839.9171995924996,0.09564759381610455,0.09564759381610455,1814.597855611331,0.1905657062115497,0.1905657062115497,1629.1835759246467,0.03576571275720251,0.03576571275720251,1569.1777432499844,0.17578812737552266,0.17578812737552266,1780.8031030171524,0.003728548067164628,0.003728548067164628,514.1688442182337,0.08383511663496244,0.08383511663496244,1405.4115094561669,0.11376018802206199,0.11376018802206199,439.82527957812766,0.05062143007129097,0.05062143007129097,1831.8372180524682,0.09588320107070501,0.09588320107070501,252.11893464174273,0.11217507411557126,0.11217507411557126,35.044902464921975,0.06057495573980494,0.06057495573980494,1077.9592410361881,0.18734875486651426,0.18734875486651426,1030.6002492629282,0.14750440597827735,0.14750440597827735,1960.4100680873037,0.09672449707260514,0.09672449707260514,1531.856821308694,0.08060509978095182,0.08060509978095182
1573.5775992647766,0.19919715081769074,0.19919715081769074,1099.140693171911,0.011276665399103014,0.011276665399103014,1467.5957169156636,0.059141193249295725,0.059141193249295725,1027.766156009055,0.19505177815042318,0.19505177815042318,1113.3410599832969,0.04934003442086437,0.04934003442086437,1957.8210308817988,0.1434603637005314,0.1434603637005314,326.02197561012923,0.143056274941481,0.143056274941481,536.4868314827098,0.1977791505959635,0.1977791505959635,393.55632373552197,0.14948047030015424,0.14948047030015424,1535.85413171385,0.1633001911352202,0.1633001911352202,1433.3510725052406,0.1528536099841613,0.1528536099841613,1717.3042854982327,0.14761855215232425,0.14761855215232425,1110.530627941191,0.12394679725455815,0.12394679725455815,233.62773381479894,0.041638605206519075,0.041638605206519075,784.148041286502,0.19387169979351224,0.19387169979351224
1053.3683294718119,0.10090813079077739,0.10090813079077739,237.80630857915398,0.08694614996843993,0.08694614996843993,1645.3407627301476,0.1883116548486733,0.1883116548486733,1506.1878846504508,0.14749712020269995,0.14749712020269995,1801.1808672506293,0.09244075914747285,0.09244075914747285,288.8485098363121,0.012800679333400324,0.012800679333400324,1401.6000257555647,0.01331436742508454,0.01331436742508454,1198.2354039987674,0.021610722612174185,0.021610722612174185,857.4094725438958,0.19791000658363114,0.19791000658363114,442.23607174956305,0.06481243228266824,0.06481243228266824,646.993461078292,0.0552346727583251,0.0552346727583251,196.91476770322745,0.1830480937452839,0.1830480937452839,1370.4378091388967,0.16330529800611468,0.16330529800611468,1162.464638143079,0.016421270222849584,0.016421270222849584,336.25837173078077,0.08509582555919637,0.08509582555919637
1041.7316544211026,0.1115539916387611,0.1115539916387611,535.7595863523827,0.19845456173945678,0.19845456173945678,276.7485864089263,0.025564700717442414,0.025564700717442414,1734.3298835979615,0.015834281981863808,0.015834281981863808,1845.9995369550923,0.11066565003948309,0.11066565003948309,194.47987801434152,0.17392421242935535,0.17392421242935535,1227.166526332493,0.06287959169776858,0.06287959169776858,804.6764934611483,0.1043665490727181,0.1043665490727181,1527.3819925377124,0.068277900534789,0.068277900534789,1479.244990260516,0.14517205152643686,0.14517205152643686,163.83658857250128,0.09057511360678537,0.09057511360678537,1221.5922776121706,0.1703867511684852,0.1703867511684852,1544.5452259732801,0.06466770364180455,0.06466770364180455,1121.0333058626597,0.1362190693288823,0.1362190693288823,244.0885308739791,0.17939868477262688,0.17939868477262688
914.4998302219581,0.1777672639465429,0.1777672639465429,555.0172570052518,0.06825671547268851,0.06825671547268851,761.6179924139354,0.15799927317088366,0.15799927317088366,1511.9342374226633,0.07373569626921228,0.07373569626921228,1166.6426085860057,0.01717706674128199,0.01717706674128199,1342.2472845632235,0.11523915172665938,0.11523915172665938,948.6757503992576,0.14041691621495037,0.14041691621495037,1213.736230825927,0.038378374924130036,0.038378374924130036,1453.5196323263983,0.1990577456236795,0.1990577456236795,1341.7534745101364,0.033310767644885164,0.033310767644885164,1843.3665418732255,0.1882725429899781,0.1882725429899781,441.29435431332433,0.18503469526883717,0.18503469526883717,1501.0326381992836,0.19223696680444893,0.19223696680444893,1660.2874203023903,0.05326490877713304,0.05326490877713304,1577.2669252613666,0.0610378618661813,0.0610378618661813
531.2841156295059,0.06181821022744641,0.06181821022744641,209.10479431589434,0.024251375362617303,0.024251375362617303,525.2561762669063,0.015920919573490823,0.015920919573490823,1460.9638158557186,0.11955026320277479,0.11955026320277479,1077.052598394193,0.03689900451065842,0.03689900451065842,1558.1047127027764,0.1673029506720726,0.1673029506720726,307.43620438504604,0.03212855174622325,0.03212855174622325,313.9333553755479,0.18680198584504396,0.18680198584504396,1715.4805988840465,0.10962181896041137,0.10962181896041137,1045.2724472480431,0.12733690154114413,0.12733690154114413,975.4925382085625,0.0868119933356017,0.0868119933356017,1543.6080868103732,0.17216019945938443,0.17216019945938443,489.65959387060343,0.14663211748871047,0.14663211748871047,1930.3745452545188,0.14322089156354695,0.14322089156354695,170.84419801816918,0.040507153211154306,0.040507153211154306
955.6880658509006,0.0487377288705072,0.0487377288705072,1770.2960388525182,0.010272115821880569,0.010272115821880569,1647.9501080146238,0.021062277890082484,0.021062277890082484,1546.7839883953584,0.0875120655846987,0.0875120655846987,1278.7660057437176,0.16876006333967694,0.16876006333967694,1875.2982177204606,0.17403206551396785,0.17403206551396785,1098.9433296136108,0.03680513614892902,0.03680513614892902,567.9312041702491,0.07907508926036422,0.07907508926036422,1308.699650227854,0.15291454878092592,0.15291454878092592,417.98910975990356,0.05950821257781669,0.05950821257781669,1848.8447140360665,0.18396134410495527,0.18396134410495527,1463.5996939892655,0.12933979514335642,0.12933979514335642,103.06656849091888,0.074676314116914,0.074676314116914,1873.0318421074699,0.06300359255794936,0.06300359255794936,524.6806490809215,0.15760667923779348,0.15760667923779348
366.07125761351034,0.026904035152535588,0.026904035152535588,550.5515019069632,0.14287855819090592,0.14287855819090592,1659.35461331731,0.13485452543928986,0.13485452543928986,955.7902466433727,0.05670842353192736,0.05670842353192736,227.13277276614784,0.050419545317408734,0.050419545317408734,1680.76544797595,0.06534717660896901,0.06534717660896901,1446.764611852928,0.13143865141538252,0.13143865141538252,836.8883912782508,0.1575498613853491,0.1575498613853491,1818.5018138418045,0.08169834134701426,0.08169834134701426,581.2106231763263,0.02864564231778266,0.02864564231778266,1518.1869666134194,0.021839779272768325,0.021839779272768325,1044.6813770323167,0.015776694532927692,0.015776694532927692,956.6136769901226,0.12933408086651813,0.12933408086651813,1660.1765767085774,0.16612270144316973,0.16612270144316973,298.57247177527535,0.11018695693453706,0.11018695693453706
111.82342582777349,0.1899658091213532,0.1899658091213532,383.58867606025757,0.12693795590699603,0.12693795590699603,392.86645263982024,0.13537660086859615,0.13537660086859615,1969.0857438925118,0.0702287554397819,0.0702287554397819,281.2414311044422,0.14440860448032766,0.14440860448032766,231.74526426867413,0.0928009493326199,0.0928009493326199,1275.0717508821172,0.16642361801737493,0.16642361801737493,1922.477759088535,0.0454640115055279,0.0454640115055279,506.51299140095495,0.19178682697168858,0.19178682697168858,1129.7459809017882,0.11589614685776446,0.11589614685776446,1855.6654816023326,0.19641806153018468,0.19641806153018468,1607.5127994765855,0.13026632653399187,0.13026632653399187,1325.0858966713477,0.07051772441827323,0.07051772441827323,136.09746958541115,0.03132625681313433,0.03132625681313433,1596.4461744670791,0.06829792416143295,0.06829792416143295
1006.9639856187174,0.12095600443886222,0.12095600443886222,1874.5770013737565,0.19952167662328896,0.19952167662328896,1341.6832185141623,0.0714534840641402,0.0714534840641402,1951.2733439287947,0.05446509989440229,0.05446509989440229,1804.6004265446152,0.15245777547019915,0.15245777547019915,386.09275145808454,0.030591533563314146,0.030591533563314146,211.85122245897813,0.17674963901530444,0.17674963901530444,694.955054704707,0.04840927438862386,0.04840927438862386,1270.9919999400322,0.09424894696109232,0.09424894696109232,780.4409322396419,0.021833186326569942,0.021833186326569942,1696.9415307620134,0.04814699408878945,0.04814699408878945,545.2052115780941,0.008568022868820547,0.008568022868820547,1402.7251374968168,0.0870391755259765,0.0870391755259765,1199.8641181750402,0.08081844228390173,0.08081844228390173,1799.4992351795563,0.06036144500681295,0.06036144500681295
507.97925333985285,0.08702682850904922,0.08702682850904922,42.828358748974395,0.10325355444659418,0.10325355444659418,331.16542217881187,0.1987679439621384,0.1987679439621384,1495.7387397569369,0.07157520403363114,0.07157520403363114,1538.1602471568267,0.15917613004895428,0.15917613004895428,282.0470058700568,0.006253245423120491,0.006253245423120491,1270.286654382322,0.18332740320182572,0.18332740320182572,892.2050805567618,0.08091224032165259,0.08091224032165259,1741.4640288806825,0.06662895981044085,0.06662895981044085,434.03629038856286,0.011942740296345102,0.011942740296345102,1552.253486509194,0.04391509549895223,0.04391509549895223,1009.5391812493166,0.051285145867629535,0.051285145867629535,73.13864239326095,0.12300808359120691,0.12300808359120691,1726.3161263672284,0.05023774009358655,0.05023774009358655,339.8555699429795,0.022877037196736172,0.022877037196736172
830.4519860298702,0.001476915882550367,0.001476915882550367,84.80612858804126,0.09772866623978715,0.09772866623978715,440.88124907935367,0.17155482787217288,0.17155482787217288,959.7471734031486,0.01319093945953469,0.01319093945953469,1319.596546641084,0.056410891844644366,0.056410891844644366,1565.0535982232848,0.07440139825213908,0.07440139825213908,1280.1814068722354,0.10100995176698813,0.10100995176698813,1795.333800557931,0.1701124358334772,0.1701124358334772,1239.7866834328916,0.17862803141704683,0.17862803141704683,1794.4779732135519,0.19584492591936242,0.19584492591936242,845.7345553004618,0.12001049999655816,0.12001049999655816,730.8351384734261,0.18881753197611761,0.18881753197611761,1106.3023557448473,0.009634451931048948,0.009634451931048948,331.14761692167207,0.05326650494916976,0.05326650494916976,1992.0516137254951,0.17455713327879555,0.17455713327879555
603.1837851636002,0.17672503675275666,0.17672503675275666,298.95204219216674,0.07211685113485218,0.07211685113485218,1097.7125440104162,0.05944935872185304,0.05944935872185304,952.1866121316267,0.0660812283828861,0.0660812283828861,956.9253025441702,0.06744740116208918,0.06744740116208918,1127.5456170803154,0.18347549673976038,0.18347549673976038,197.46658347310375,0.11301171273452636,0.11301171273452636,1070.358951991746,0.13649926734005355,0.13649926734005355,913.6917118729305,0.16250175826845395,0.16250175826845395,1737.3074673123065,0.06500219241433432,0.06500219241433432,541.9941218038324,0.14632011306924345,0.14632011306924345,392.1698713981181,0.16000544050224524,0.16000544050224524,724.0104125223097,0.055403526840278695,0.055403526840278695,1270.0835963708257,0.09532718277310755,0.09532718277310755,703.5746881272513,0.1847221172581946,0.1847221172581946
100.16325824445448,0.18890109684565942,0.18890109684565942,285.1887531060948,0.14566091347639532,0.14566091347639532,127.210500776072,0.1597958198081953,0.1597958198081953,402.8592259576707,0.1845943210640879,0.1845943210640879,1886.544332123184,0.06634873023183872,0.06634873023183872,252.8629329793932,0.17485215330824708,0.17485215330824708,1016.6265788962538,0.006084694841647931,0.006084694841647931,357.6714117073718,0.01438418301897384,0.01438418301897384,700.558076803822,0.0797546046170694,0.0797546046170694,837.8916894060966,0.05546749358106078,0.05546749358106078,852.6348237152894,0.054962878075432854,0.054962878075432854,1922.5811802564783,0.01804853581579897,0.01804853581579897,1593.987286344582,0.12883666245264588,0.12883666245264588,1454.546807637866,0.19789607771958273,0.19789607771958273,1367.55866530489,0.18473720844426908,0.18473720844426908
